Structure	Dataset	Chain	Spatial_Label	Dihedral_Label	C_Helix_Label
1CDK	PDB	A	DFGin	BLAminus	Chelix-in
2GNF	PDB	A	DFGin	BLAminus	Chelix-in
2GNH	PDB	A	DFGin	ABAminus	Chelix-in
2GNI	PDB	A	DFGin	ABAminus	Chelix-in
2GNJ	PDB	A	DFGin	BLAminus	Chelix-in
2GNL	PDB	A	DFGin	BLAminus	Chelix-in
2JDS	PDB	A	DFGin	BLAminus	Chelix-in
2JDT	PDB	A	DFGin	BLAminus	Chelix-in
2JDV	PDB	A	DFGin	BLAminus	Chelix-in
2OH0	PDB	E	DFGin	BLAminus	Chelix-in
2OJF	PDB	E	DFGin	BLAminus	Chelix-in
2QUR	PDB	A	DFGin	BLAminus	Chelix-in
2UW3	PDB	A	DFGin	BLAminus	Chelix-in
2UW4	PDB	A	DFGin	BLAminus	Chelix-in
2UW5	PDB	A	DFGin	BLAminus	Chelix-in
2UW8	PDB	A	DFGin	BLAminus	Chelix-in
2UZT	PDB	A	DFGin	BLAminus	Chelix-in
2UZU	PDB	E	DFGin	BLAminus	Chelix-in
2UZV	PDB	A	DFGin	BLAminus	Chelix-in
2UZW	PDB	E	DFGin	BLAminus	Chelix-in
2VNW	PDB	A	DFGin	BLAminus	Chelix-in
2VNY	PDB	A	DFGin	BLAminus	Chelix-in
2VO0	PDB	A	DFGin	BLAminus	Chelix-in
2VO3	PDB	A	DFGin	BLAminus	Chelix-in
2VO6	PDB	A	DFGin	BLAminus	Chelix-in
2VO7	PDB	A	DFGin	BLAminus	Chelix-in
3AG9	PDB	['A', 'B']	DFGin	BLAminus	['Chelix-out', 'Chelix-in']
3AGL	PDB	A and B	DFGin	BLAminus	Chelix-in
3AMA	PDB	A	DFGin	BLAminus	Chelix-in
3AMB	PDB	A	DFGin	ABAminus	Chelix-in
3BWJ	PDB	A	DFGin	BLAminus	Chelix-in
3DND	PDB	A	DFGin	BLAminus	Chelix-in
3DNE	PDB	A	DFGin	BLAminus	Chelix-in
3E8C	PDB	A and B and C and D and E and F	DFGin	BLAminus	Chelix-in
3E8E	PDB	A and B and E and I and L and P	DFGin	BLAminus	Chelix-in
3FJQ	PDB	E	DFGin	BLAminus	Chelix-in
3KKV	PDB	A	DFGin	BLAminus	Chelix-in
3L9L	PDB	A	DFGin	BLAminus	Chelix-in
3L9M	PDB	A	DFGin	BLAminus	Chelix-in
3L9N	PDB	A	DFGin	BLAminus	Chelix-in
3MVJ	PDB	A and B and E	DFGin	BLAminus	Chelix-in
3NX8	PDB	A	DFGin	BLAminus	Chelix-in
3OOG	PDB	A	DFGin	BLAminus	Chelix-in
3OVV	PDB	A	DFGin	BLAminus	Chelix-in
3OW3	PDB	A	DFGin	BLAminus	Chelix-in
3OWP	PDB	A	DFGin	BLAminus	Chelix-in
3OXT	PDB	A	DFGin	BLAminus	Chelix-in
3P0M	PDB	A	DFGin	BLAminus	Chelix-in
3POO	PDB	A	DFGin	BLAminus	Chelix-in
3QAL	PDB	E	DFGin	BLAminus	Chelix-in
3QAM	PDB	E	DFGin	BLAminus	Chelix-in
3VQH	PDB	A	DFGin	BLAminus	Chelix-in
3X2U	PDB	A	DFGin	BLAminus	Chelix-in
3X2V	PDB	A	DFGin	BLAminus	Chelix-in
3X2W	PDB	A	DFGin	BLAminus	Chelix-in
3ZO1	PDB	A	DFGin	BLAminus	Chelix-in
3ZO2	PDB	A	DFGin	ABAminus	Chelix-in
3ZO3	PDB	A	DFGin	ABAminus	Chelix-in
3ZO4	PDB	A	DFGin	BLAminus	Chelix-in
4AXA	PDB	A	DFGin	ABAminus	Chelix-in
4C34	PDB	A	DFGin	ABAminus	Chelix-in
4C35	PDB	A	DFGin	Unassigned	Chelix-in
4C36	PDB	A	DFGin	BLAminus	Chelix-in
4C37	PDB	A	DFGin	ABAminus	Chelix-in
4C38	PDB	A	DFGin	BLAminus	Chelix-in
4DFX	PDB	E	DFGin	BLAminus	Chelix-in
4DG0	PDB	E	DFGin	BLAminus	Chelix-in
4DG3	PDB	E	DFGin	BLAminus	Chelix-in
4DH1	PDB	A	DFGin	BLAminus	Chelix-in
4DH3	PDB	A	DFGin	BLAminus	Chelix-in
4DH5	PDB	A	DFGin	BLAminus	Chelix-in
4DH7	PDB	A	DFGin	BLAminus	Chelix-in
4DH8	PDB	A	DFGin	BLAminus	Chelix-in
4HPT	PDB	E	DFGin	BLAminus	Chelix-in
4HPU	PDB	E	DFGin	BLAminus	Chelix-in
4IAC	PDB	A	DFGin	BLAminus	Chelix-in
4IAD	PDB	A	DFGin	BLAminus	Chelix-in
4IAF	PDB	A	DFGin	BLAminus	Chelix-in
4IAI	PDB	A	DFGin	BLAminus	Chelix-in
4IAK	PDB	A	DFGin	BLAminus	Chelix-in
4IAY	PDB	A	DFGin	BLAminus	Chelix-in
4IAZ	PDB	A	DFGin	BLAminus	Chelix-in
4IB0	PDB	A	DFGin	BLAminus	Chelix-in
4IB1	PDB	A	DFGin	BLAminus	Chelix-in
4IB3	PDB	A	DFGin	BLAminus	Chelix-in
4IE9	PDB	A	DFGin	BLAminus	Chelix-in
4IJ9	PDB	A	DFGin	BLAminus	Chelix-in
4NTT	PDB	['A', 'B']	DFGin	['Unassigned', 'ABAminus']	Chelix-in
4O21	PDB	A	DFGin	BLAminus	Chelix-in
4UJ1	PDB	A	DFGin	BLAminus	Chelix-in
4UJ2	PDB	A	DFGin	BLAminus	Chelix-in
4UJ9	PDB	A	DFGin	BLAminus	Chelix-in
4UJA	PDB	A	DFGin	BLAminus	Chelix-in
4UJB	PDB	A	DFGin	BLAminus	Chelix-in
4WB5	PDB	A	DFGin	BLAminus	Chelix-in
4WB6	PDB	A and B	DFGin	BLAminus	Chelix-in
4WB8	PDB	A	DFGin	BLAminus	Chelix-in
4XW4	PDB	A	DFGin	BLAminus	Chelix-in
4XW5	PDB	A	DFGin	BLAminus	Chelix-in
4XW6	PDB	A	DFGin	BLAminus	Chelix-in
4YXR	PDB	A	DFGin	BLAminus	Chelix-in
4YXS	PDB	A	DFGin	BLAminus	Chelix-in
4Z83	PDB	E	DFGin	BLAminus	Chelix-in
4Z84	PDB	A	DFGin	BLAminus	Chelix-in
5BX6	PDB	A	DFGin	BLAminus	Chelix-in
5BX7	PDB	A	DFGin	BLAminus	Chelix-in
5IZJ	PDB	['A', 'B']	DFGin	BLAminus	['Chelix-in', 'Chelix-out']
5J5X	PDB	A	DFGin	BLAminus	Chelix-in
5LCP	PDB	A	DFGin	ABAminus	Chelix-in
5LCQ	PDB	A	DFGin	BLAminus	Chelix-in
5LCR	PDB	A	DFGin	ABAminus	Chelix-in
5LCT	PDB	A	DFGin	ABAminus	Chelix-in
5LCU	PDB	A	DFGin	ABAminus	Chelix-in
5M0B	PDB	A	DFGin	BLAminus	Chelix-in
5M0C	PDB	A	DFGin	BLAminus	Chelix-in
5M0L	PDB	A	DFGin	BLAminus	Chelix-in
5M6V	PDB	A	DFGin	ABAminus	Chelix-in
5M6Y	PDB	A	DFGin	ABAminus	Chelix-in
5M71	PDB	A	DFGin	ABAminus	Chelix-in
5M75	PDB	A	DFGin	ABAminus	Chelix-in
5MHI	PDB	A	DFGin	BLAminus	Chelix-in
5N1D	PDB	A	DFGin	ABAminus	Chelix-in
5N1E	PDB	A	DFGin	BLAminus	Chelix-in
5N1F	PDB	A	DFGin	BLAminus	Chelix-in
5N1G	PDB	A	DFGin	BLAminus	Chelix-in
5N1H	PDB	A	DFGin	BLAminus	Chelix-in
5N1K	PDB	A	DFGin	BLAminus	Chelix-in
5N1L	PDB	A	DFGin	BLAminus	Chelix-in
5N1M	PDB	A	DFGin	BLAminus	Chelix-in
5N1N	PDB	A	DFGin	BLAminus	Chelix-in
5N1O	PDB	A	DFGin	BLAminus	Chelix-in
5N23	PDB	A	DFGin	BLAminus	Chelix-in
5N32	PDB	A	DFGin	BLAminus	Chelix-in
5N33	PDB	A	DFGin	BLAminus	Chelix-in
5N36	PDB	A	DFGin	BLAminus	Chelix-in
5N37	PDB	A	DFGin	BLAminus	Chelix-in
5N39	PDB	A	DFGin	BLAminus	Chelix-in
5N3A	PDB	A	DFGin	BLAminus	Chelix-in
5N3B	PDB	A	DFGin	BLAminus	Chelix-in
5N3C	PDB	A	DFGin	BLAminus	Chelix-in
5N3D	PDB	A	DFGin	ABAminus	Chelix-in
5N3E	PDB	A	DFGin	BLAminus	Chelix-in
5N3F	PDB	A	DFGin	BLAminus	Chelix-in
5N3G	PDB	A	DFGin	BLAminus	Chelix-in
5N3H	PDB	A	DFGin	BLAminus	Chelix-in
5N3I	PDB	A	DFGin	BLAminus	Chelix-in
5N3J	PDB	A	DFGin	BLAminus	Chelix-in
5N3K	PDB	A	DFGin	BLAminus	Chelix-in
5N3L	PDB	A	DFGin	BLAminus	Chelix-in
5N3N	PDB	A	DFGin	BLAminus	Chelix-in
5N3O	PDB	A	DFGin	BLAminus	Chelix-in
5N3P	PDB	A	DFGin	BLAminus	Chelix-in
5N3Q	PDB	A	DFGin	BLAminus	Chelix-in
5N3R	PDB	A	DFGin	BLAminus	Chelix-in
5N3S	PDB	A	DFGin	BLAminus	Chelix-in
5N3T	PDB	A	DFGin	BLAminus	Chelix-in
5N7P	PDB	A	DFGin	BLAminus	Chelix-in
5N7U	PDB	A	DFGin	BLAminus	Chelix-in
5NW8	PDB	A	DFGin	ABAminus	Chelix-in
5O0E	PDB	A	DFGin	ABAminus	Chelix-in
5O5M	PDB	A	DFGin	ABAminus	Chelix-in
5OK3	PDB	A	DFGin	ABAminus	Chelix-in
5OL3	PDB	A	DFGin	ABAminus	Chelix-in
5OT3	PDB	A	DFGin	ABAminus	Chelix-in
5OTG	PDB	A	DFGin	ABAminus	Chelix-in
5OUC	PDB	A	DFGin	ABAminus	Chelix-in
5UZK	PDB	A	DFGin	BLAminus	Chelix-in
5VHB	PDB	A	DFGin	BLAminus	Chelix-in
5VIB	PDB	A	DFGin	ABAminus	Chelix-in
6C0U	PDB	A	DFGin	BLAminus	Chelix-in
6E21	PDB	A	DFGin	BLAminus	Chelix-in
6E99	PDB	A	DFGin	BLAminus	Chelix-in
6E9L	PDB	A	DFGin	BLAminus	Chelix-in
6EH2	PDB	A	DFGin	BLAminus	Chelix-in
6EH3	PDB	A	DFGin	ABAminus	Chelix-in
6EM2	PDB	A	DFGin	BLAminus	Chelix-in
6EM6	PDB	A	DFGin	BLAminus	Chelix-in
6EM7	PDB	A	DFGin	BLAminus	Chelix-in
6EMA	PDB	A	DFGin	BLAminus	Chelix-in
6ERT	PDB	A	DFGin	ABAminus	Chelix-in
6ERW	PDB	A	DFGin	ABAminus	Chelix-in
6ESA	PDB	A	DFGin	BLAminus	Chelix-in
6F14	PDB	A	DFGin	BLAminus	Chelix-in
6FRX	PDB	A	DFGin	BLAminus	Chelix-in
6I2A	PDB	A	DFGin	ABAminus	Chelix-in
6I2B	PDB	A	DFGin	ABAminus	Chelix-in
6I2C	PDB	A	DFGin	ABAminus	Chelix-in
6I2D	PDB	A	DFGin	ABAminus	Chelix-in
6I2H	PDB	A	DFGin	ABAminus	Chelix-in
6MM5	PDB	E	DFGin	BLAminus	Chelix-in
6QJ7	PDB	A	DFGin	BLAminus	Chelix-in
6SNN	PDB	A	DFGin	BLAminus	Chelix-in
6SNX	PDB	A	DFGin	BLAminus	Chelix-in
6SOX	PDB	A	DFGin	BLAminus	Chelix-in
6SPM	PDB	A	DFGin	BLAminus	Chelix-in
6SPS	PDB	A	DFGin	BLAminus	Chelix-in
6SPU	PDB	A	DFGin	BLAminus	Chelix-in
6SPY	PDB	A	DFGin	BLAminus	Chelix-in
6SQ1	PDB	A	DFGin	BLAminus	Chelix-in
6Y05	PDB	A	DFGin	BLAminus	Chelix-in
6Y0B	PDB	A	DFGin	ABAminus	Chelix-in
6Y2O	PDB	A	DFGin	BLAminus	Chelix-in
6Y2U	PDB	A	DFGin	ABAminus	Chelix-in
6Y89	PDB	A	DFGin	BLAminus	Chelix-in
6Y8C	PDB	A	DFGin	BLAminus	Chelix-in
6YNA	PDB	A	DFGin	BLAminus	Chelix-in
6YNB	PDB	A	DFGin	BLAminus	Chelix-in
6YNC	PDB	A	DFGin	BLAminus	Chelix-in
6YNR	PDB	A	DFGin	BLAminus	Chelix-in
6YNT	PDB	A	DFGin	BLAminus	Chelix-in
6YOT	PDB	A	DFGin	BLAminus	Chelix-in
6YOU	PDB	A	DFGin	BLAminus	Chelix-in
6YPP	PDB	A	DFGin	BLAminus	Chelix-in
6YPS	PDB	A	DFGin	BLAminus	Chelix-in
6YQI	PDB	A	DFGin	BLAminus	Chelix-in
6YQJ	PDB	A	DFGin	BLAminus	Chelix-in
6YQK	PDB	A	DFGin	BLAminus	Chelix-in
6Z08	PDB	A	DFGin	BLAminus	Chelix-in
6Z44	PDB	A	DFGin	BLAminus	Chelix-in
6ZN0	PDB	A	DFGin	BLAminus	Chelix-in
7AXT	PDB	A	DFGin	BLAminus	Chelix-in
7AXV	PDB	A	DFGin	BLAminus	Chelix-in
7AXW	PDB	A	DFGin	ABAminus	Chelix-in
7BAQ	PDB	A	DFGin	ABAminus	Chelix-in
7BAR	PDB	A	DFGin	BLAminus	Chelix-in
7BB0	PDB	A	DFGin	BLAminus	Chelix-in
7E0Z	PDB	A	DFGin	BLAminus	Chelix-in
7E11	PDB	A	DFGin	BLAminus	Chelix-in
7E12	PDB	A	DFGin	BLAminus	Chelix-in
7PID	PDB	A	DFGin	ABAminus	Chelix-in
7PIE	PDB	A	DFGin	ABAminus	Chelix-in
7PIF	PDB	A	DFGin	ABAminus	Chelix-in
7PIG	PDB	A	DFGin	ABAminus	Chelix-in
7PIH	PDB	A	DFGin	BLAminus	Chelix-in
7PNS	PDB	A	DFGin	ABAminus	Chelix-in
7UJX	PDB	E	DFGin	BLAminus	Chelix-in
7V0G	PDB	E	DFGin	BLAminus	Chelix-in
7Y1G	PDB	['A', 'B']	DFGin	['BLAminus', 'ABAminus']	Chelix-in
8SF8	PDB	A	DFGin	BLAminus	Chelix-in
PKA_FRG001_refine_016	CF	A	DFGin	BLAminus	Chelix-in
PKA_FRG005_refine_005	CF	A	DFGin	BLAminus	Chelix-in
PKA_FRG009_refine_002	CF	A	DFGin	BLAminus	Chelix-in
PKA_FRG012_refine_006	CF	A	DFGin	BLAminus	Chelix-in
PKA_FRG024_refine_002	CF	A	DFGin	BLAminus	Chelix-in
PKA_FRG030_refine_008	CF	A	DFGin	BLAminus	Chelix-in
PKA_FRG032_refine_016	CF	A	DFGin	BLAminus	Chelix-in
PKA_FRG055_refine_003	CF	A	DFGin	BLAminus	Chelix-in
PKA_FRG058_refine_013	CF	A	DFGin	BLAminus	Chelix-in
PKA_FRG070_refine_004	CF	A	DFGin	BLAminus	Chelix-in
PKA_FRG073_refine_004	CF	A	DFGin	BLAminus	Chelix-in
PKA_FRG074_refine_004	CF	A	DFGin	BLAminus	Chelix-in
PKA_FRG102_refine_003	CF	A	DFGin	BLAminus	Chelix-in
PKA_FRG134_refine_002	CF	A	DFGin	BLAminus	Chelix-in
PKA_FRG138_refine_003	CF	A	DFGin	BLAminus	Chelix-in
PKA_FRG145_refine_006	CF	A	DFGin	BLAminus	Chelix-in
PKA_FRG168_refine_004	CF	A	DFGin	BLAminus	Chelix-in
PKA_FRG184_refine_002	CF	A	DFGin	BLAminus	Chelix-in
PKA_FRG186_refine_003	CF	A	DFGin	BLAminus	Chelix-in
PKA_FRG188_refine_003	CF	A	DFGin	BLAminus	Chelix-in
PKA_FRG189_refine_001	CF	A	DFGin	BLAminus	Chelix-in
PKA_FRG203_refine_003	CF	A	DFGin	BLAminus	Chelix-in
PKA_FRG225_refine_005	CF	A	DFGin	BLAminus	Chelix-in
PKA_FRG236_refine_003	CF	A	DFGin	BLAminus	Chelix-in
PKA_FRG248_refine_017	CF	A	DFGin	BLAminus	Chelix-in
PKA_FRG264_refine_005	CF	A	DFGin	BLAminus	Chelix-in
PKA_FRG274_refine_005	CF	A	DFGin	ABAminus	Chelix-in
PKA_FRG283_refine_004	CF	A	DFGin	BLAminus	Chelix-in
PKA_FRG294_refine_004	CF	A	DFGin	BLAminus	Chelix-in
PKA_FRG296_refine_004	CF	A	DFGin	BLAminus	Chelix-in
PKA_FRG299_refine_003	CF	A	DFGin	BLAminus	Chelix-in
PKA_FRG304_refine_003	CF	A	DFGin	BLAminus	Chelix-in
PKA_FRG310_refine_007	CF	A	DFGin	BLAminus	Chelix-in
PKA_FRG312_refine_013	CF	A	DFGin	BLAminus	Chelix-in
PKA_FRG313_refine_002	CF	A	DFGin	BLAminus	Chelix-in
PKA_FRG322_refine_001	CF	A	DFGin	BLAminus	Chelix-in
